name,type,,,,,,,,,,,,,,,,,,,,,
Aaliyah,standard,,,,,,,,,,,,,,,,,,,,,
Aaron,standard,,,,,,,,,,,,,,,,,,,,,
Abby,standard,,,,,,,,,,,,,,,,,,,,,
Abel,standard,,,,,,,,,,,,,,,,,,,,,
Abigail,standard,,,,,,,,,,,,,,,,,,,,,
Abraham,standard,,,,,,,,,,,,,,,,,,,,,
Adalyn,standard,,,,,,,,,,,,,,,,,,,,,
Adalynn,standard,,,,,,,,,,,,,,,,,,,,,
Adam,standard,,,,,,,,,,,,,,,,,,,,,
Addison,standard,,,,,,,,,,,,,,,,,,,,,
Adeline,standard,,,,,,,,,,,,,,,,,,,,,
Adrian,standard,,,,,,,,,,,,,,,,,,,,,
Adriana,standard,,,,,,,,,,,,,,,,,,,,,
Adrianna,standard,,,,,,,,,,,,,,,,,,,,,
Adrienne,standard,,,,,,,,,,,,,,,,,,,,,
Aidan,standard,,,,,,,,,,,,,,,,,,,,,
Aiden,standard,,,,,,,,,,,,,,,,,,,,,
Aimee,standard,,,,,,,,,,,,,,,,,,,,,
Alaina,standard,,,,,,,,,,,,,,,,,,,,,
Alan,standard,,,,,,,,,,,,,,,,,,,,,
Alana,standard,,,,,,,,,,,,,,,,,,,,,
Albert,standard,,,,,,,,,,,,,,,,,,,,,
Alec,standard,,,,,,,,,,,,,,,,,,,,,
Alejandra,standard,,,,,,,,,,,,,,,,,,,,,
Alejandro,standard,,,,,,,,,,,,,,,,,,,,,
Alex,standard,,,,,,,,,,,,,,,,,,,,,
Alexa,standard,,,,,,,,,,,,,,,,,,,,,
Alexander,standard,,,,,,,,,,,,,,,,,,,,,
Alexandra,standard,,,,,,,,,,,,,,,,,,,,,
Alexandria,standard,,,,,,,,,,,,,,,,,,,,,
Alexia,standard,,,,,,,,,,,,,,,,,,,,,
Alexis,standard,,,,,,,,,,,,,,,,,,,,,
Alfred,standard,,,,,,,,,,,,,,,,,,,,,
Alice,standard,,,,,,,,,,,,,,,,,,,,,
Alicia,standard,,,,,,,,,,,,,,,,,,,,,
Alisha,standard,,,,,,,,,,,,,,,,,,,,,
Alison,standard,,,,,,,,,,,,,,,,,,,,,
Aliyah,standard,,,,,,,,,,,,,,,,,,,,,
Allen,standard,,,,,,,,,,,,,,,,,,,,,
Allison,standard,,,,,,,,,,,,,,,,,,,,,
Alondra,standard,,,,,,,,,,,,,,,,,,,,,
Alvin,standard,,,,,,,,,,,,,,,,,,,,,
Alyssa,standard,,,,,,,,,,,,,,,,,,,,,
Amanda,standard,,,,,,,,,,,,,,,,,,,,,
Amber,standard,,,,,,,,,,,,,,,,,,,,,
Amelia,standard,,,,,,,,,,,,,,,,,,,,,
Amir,standard,,,,,,,,,,,,,,,,,,,,,
Amy,standard,,,,,,,,,,,,,,,,,,,,,
Ana,standard,,,,,,,,,,,,,,,,,,,,,
Andre,standard,,,,,,,,,,,,,,,,,,,,,
Andrea,standard,,,,,,,,,,,,,,,,,,,,,
Andres,standard,,,,,,,,,,,,,,,,,,,,,
Andrew,standard,,,,,,,,,,,,,,,,,,,,,
Angel,standard,,,,,,,,,,,,,,,,,,,,,
Angela,standard,,,,,,,,,,,,,,,,,,,,,
Angelica,standard,,,,,,,,,,,,,,,,,,,,,
Angelina,standard,,,,,,,,,,,,,,,,,,,,,
Angie,standard,,,,,,,,,,,,,,,,,,,,,
Anita,standard,,,,,,,,,,,,,,,,,,,,,
Ann,standard,,,,,,,,,,,,,,,,,,,,,
Anna,standard,,,,,,,,,,,,,,,,,,,,,
Annabelle,standard,,,,,,,,,,,,,,,,,,,,,
Anne,standard,,,,,,,,,,,,,,,,,,,,,
Annette,standard,,,,,,,,,,,,,,,,,,,,,
Anthony,standard,,,,,,,,,,,,,,,,,,,,,
Antonio,standard,,,,,,,,,,,,,,,,,,,,,
April,standard,,,,,,,,,,,,,,,,,,,,,
Aria,standard,,,,,,,,,,,,,,,,,,,,,
Ariana,standard,,,,,,,,,,,,,,,,,,,,,
Arianna,standard,,,,,,,,,,,,,,,,,,,,,
Ariel,standard,,,,,,,,,,,,,,,,,,,,,
Arthur,standard,,,,,,,,,,,,,,,,,,,,,
Asher,standard,,,,,,,,,,,,,,,,,,,,,
Ashlee,standard,,,,,,,,,,,,,,,,,,,,,
Ashley,standard,,,,,,,,,,,,,,,,,,,,,
Ashlyn,standard,,,,,,,,,,,,,,,,,,,,,
Ashton,standard,,,,,,,,,,,,,,,,,,,,,
Athena,standard,,,,,,,,,,,,,,,,,,,,,
Aubree,standard,,,,,,,,,,,,,,,,,,,,,
Aubrey,standard,,,,,,,,,,,,,,,,,,,,,
Audrey,standard,,,,,,,,,,,,,,,,,,,,,
Aurora,standard,,,,,,,,,,,,,,,,,,,,,
Austin,standard,,,,,,,,,,,,,,,,,,,,,
Autumn,standard,,,,,,,,,,,,,,,,,,,,,
Ava,standard,,,,,,,,,,,,,,,,,,,,,
Avery,standard,,,,,,,,,,,,,,,,,,,,,
Axel,standard,,,,,,,,,,,,,,,,,,,,,
Ayden,standard,,,,,,,,,,,,,,,,,,,,,
Bailey,standard,,,,,,,,,,,,,,,,,,,,,
Barbara,standard,,,,,,,,,,,,,,,,,,,,,
Barry,standard,,,,,,,,,,,,,,,,,,,,,
Becky,standard,,,,,,,,,,,,,,,,,,,,,
Belinda,standard,,,,,,,,,,,,,,,,,,,,,
Bella,standard,,,,,,,,,,,,,,,,,,,,,
Benjamin,standard,,,,,,,,,,,,,,,,,,,,,
Bennett,standard,,,,,,,,,,,,,,,,,,,,,
Bentley,standard,,,,,,,,,,,,,,,,,,,,,
Bernard,standard,,,,,,,,,,,,,,,,,,,,,
Beth,standard,,,,,,,,,,,,,,,,,,,,,
Bethany,standard,,,,,,,,,,,,,,,,,,,,,
Betty,standard,,,,,,,,,,,,,,,,,,,,,
Beverly,standard,,,,,,,,,,,,,,,,,,,,,
Bianca,standard,,,,,,,,,,,,,,,,,,,,,
Bill,standard,,,,,,,,,,,,,,,,,,,,,
Billy,standard,,,,,,,,,,,,,,,,,,,,,
Blake,standard,,,,,,,,,,,,,,,,,,,,,
Bob,standard,,,,,,,,,,,,,,,,,,,,,
Bobby,standard,,,,,,,,,,,,,,,,,,,,,
Bonnie,standard,,,,,,,,,,,,,,,,,,,,,
Brad,standard,,,,,,,,,,,,,,,,,,,,,
Braden,standard,,,,,,,,,,,,,,,,,,,,,
Bradley,standard,,,,,,,,,,,,,,,,,,,,,
Brady,standard,,,,,,,,,,,,,,,,,,,,,
Brandi,standard,,,,,,,,,,,,,,,,,,,,,
Brandon,standard,,,,,,,,,,,,,,,,,,,,,
Brandy,standard,,,,,,,,,,,,,,,,,,,,,
Brantley,standard,,,,,,,,,,,,,,,,,,,,,
Braxton,standard,,,,,,,,,,,,,,,,,,,,,
Brayden,standard,,,,,,,,,,,,,,,,,,,,,
Breanna,standard,,,,,,,,,,,,,,,,,,,,,
Brenda,standard,,,,,,,,,,,,,,,,,,,,,
Brendan,standard,,,,,,,,,,,,,,,,,,,,,
Brent,standard,,,,,,,,,,,,,,,,,,,,,
Brett,standard,,,,,,,,,,,,,,,,,,,,,
Brian,standard,,,,,,,,,,,,,,,,,,,,,
Briana,standard,,,,,,,,,,,,,,,,,,,,,
Brianna,standard,,,,,,,,,,,,,,,,,,,,,
Bridget,standard,,,,,,,,,,,,,,,,,,,,,
Brielle,standard,,,,,,,,,,,,,,,,,,,,,
Brittany,standard,,,,,,,,,,,,,,,,,,,,,
Brittney,standard,,,,,,,,,,,,,,,,,,,,,
Brody,standard,,,,,,,,,,,,,,,,,,,,,
Brooke,standard,,,,,,,,,,,,,,,,,,,,,
Brooklyn,standard,,,,,,,,,,,,,,,,,,,,,
Brooklynn,standard,,,,,,,,,,,,,,,,,,,,,
Bruce,standard,,,,,,,,,,,,,,,,,,,,,
Bryan,standard,,,,,,,,,,,,,,,,,,,,,
Bryce,standard,,,,,,,,,,,,,,,,,,,,,
Bryson,standard,,,,,,,,,,,,,,,,,,,,,
Caden,standard,,,,,,,,,,,,,,,,,,,,,
Caitlin,standard,,,,,,,,,,,,,,,,,,,,,
Caitlyn,standard,,,,,,,,,,,,,,,,,,,,,
Caleb,standard,,,,,,,,,,,,,,,,,,,,,
Calvin,standard,,,,,,,,,,,,,,,,,,,,,
Camden,standard,,,,,,,,,,,,,,,,,,,,,
Cameron,standard,,,,,,,,,,,,,,,,,,,,,
Camila,standard,,,,,,,,,,,,,,,,,,,,,
Candace,standard,,,,,,,,,,,,,,,,,,,,,
Candice,standard,,,,,,,,,,,,,,,,,,,,,
Carl,standard,,,,,,,,,,,,,,,,,,,,,
Carla,standard,,,,,,,,,,,,,,,,,,,,,
Carlos,standard,,,,,,,,,,,,,,,,,,,,,
Carly,standard,,,,,,,,,,,,,,,,,,,,,
Carmen,standard,,,,,,,,,,,,,,,,,,,,,
Carol,standard,,,,,,,,,,,,,,,,,,,,,
Caroline,standard,,,,,,,,,,,,,,,,,,,,,
Carolyn,standard,,,,,,,,,,,,,,,,,,,,,
Carrie,standard,,,,,,,,,,,,,,,,,,,,,
Carson,standard,,,,,,,,,,,,,,,,,,,,,
Carter,standard,,,,,,,,,,,,,,,,,,,,,
Casey,standard,,,,,,,,,,,,,,,,,,,,,
Cassandra,standard,,,,,,,,,,,,,,,,,,,,,
Cassidy,standard,,,,,,,,,,,,,,,,,,,,,
Cassie,standard,,,,,,,,,,,,,,,,,,,,,
Catherine,standard,,,,,,,,,,,,,,,,,,,,,
Cathy,standard,,,,,,,,,,,,,,,,,,,,,
Cayden,standard,,,,,,,,,,,,,,,,,,,,,
Cesar,standard,,,,,,,,,,,,,,,,,,,,,
Chad,standard,,,,,,,,,,,,,,,,,,,,,
Charlene,standard,,,,,,,,,,,,,,,,,,,,,
Charles,standard,,,,,,,,,,,,,,,,,,,,,
Charlotte,standard,,,,,,,,,,,,,,,,,,,,,
Chase,standard,,,,,,,,,,,,,,,,,,,,,
Chelsea,standard,,,,,,,,,,,,,,,,,,,,,
Chelsey,standard,,,,,,,,,,,,,,,,,,,,,
Cheryl,standard,,,,,,,,,,,,,,,,,,,,,
Cheyenne,standard,,,,,,,,,,,,,,,,,,,,,
Chloe,standard,,,,,,,,,,,,,,,,,,,,,
Chris,standard,,,,,,,,,,,,,,,,,,,,,
Christian,standard,,,,,,,,,,,,,,,,,,,,,
Christie,standard,,,,,,,,,,,,,,,,,,,,,
Christina,standard,,,,,,,,,,,,,,,,,,,,,
Christine,standard,,,,,,,,,,,,,,,,,,,,,
Christopher,standard,,,,,,,,,,,,,,,,,,,,,
Christy,standard,,,,,,,,,,,,,,,,,,,,,
Cindy,standard,,,,,,,,,,,,,,,,,,,,,
Claire,standard,,,,,,,,,,,,,,,,,,,,,
Clara,standard,,,,,,,,,,,,,,,,,,,,,
Clarence,standard,,,,,,,,,,,,,,,,,,,,,
Claudia,standard,,,,,,,,,,,,,,,,,,,,,
Clayton,standard,,,,,,,,,,,,,,,,,,,,,
Clifford,standard,,,,,,,,,,,,,,,,,,,,,
Clinton,standard,,,,,,,,,,,,,,,,,,,,,
Cody,standard,,,,,,,,,,,,,,,,,,,,,
Colby,standard,,,,,,,,,,,,,,,,,,,,,
Cole,standard,,,,,,,,,,,,,,,,,,,,,
Colin,standard,,,,,,,,,,,,,,,,,,,,,
Colleen,standard,,,,,,,,,,,,,,,,,,,,,
Collin,standard,,,,,,,,,,,,,,,,,,,,,
Colton,standard,,,,,,,,,,,,,,,,,,,,,
Conner,standard,,,,,,,,,,,,,,,,,,,,,
Connie,standard,,,,,,,,,,,,,,,,,,,,,
Connor,standard,,,,,,,,,,,,,,,,,,,,,
Cooper,standard,,,,,,,,,,,,,,,,,,,,,
Cora,standard,,,,,,,,,,,,,,,,,,,,,
Corey,standard,,,,,,,,,,,,,,,,,,,,,
Cory,standard,,,,,,,,,,,,,,,,,,,,,
Courtney,standard,,,,,,,,,,,,,,,,,,,,,
Craig,standard,,,,,,,,,,,,,,,,,,,,,
Cristian,standard,,,,,,,,,,,,,,,,,,,,,
Cristina,standard,,,,,,,,,,,,,,,,,,,,,
Crystal,standard,,,,,,,,,,,,,,,,,,,,,
Curtis,standard,,,,,,,,,,,,,,,,,,,,,
Cynthia,standard,,,,,,,,,,,,,,,,,,,,,
Daisy,standard,,,,,,,,,,,,,,,,,,,,,
Dakota,standard,,,,,,,,,,,,,,,,,,,,,
Dale,standard,,,,,,,,,,,,,,,,,,,,,
Dalton,standard,,,,,,,,,,,,,,,,,,,,,
Damian,standard,,,,,,,,,,,,,,,,,,,,,
Damon,standard,,,,,,,,,,,,,,,,,,,,,
Dan,standard,,,,,,,,,,,,,,,,,,,,,
Dana,standard,,,,,,,,,,,,,,,,,,,,,
Daniel,standard,,,,,,,,,,,,,,,,,,,,,
Daniela,standard,,,,,,,,,,,,,,,,,,,,,
Danielle,standard,,,,,,,,,,,,,,,,,,,,,
Danny,standard,,,,,,,,,,,,,,,,,,,,,
Darin,standard,,,,,,,,,,,,,,,,,,,,,
Darius,standard,,,,,,,,,,,,,,,,,,,,,
Darlene,standard,,,,,,,,,,,,,,,,,,,,,
Darrell,standard,,,,,,,,,,,,,,,,,,,,,
Darren,standard,,,,,,,,,,,,,,,,,,,,,
Darryl,standard,,,,,,,,,,,,,,,,,,,,,
Daryl,standard,,,,,,,,,,,,,,,,,,,,,
Dave,standard,,,,,,,,,,,,,,,,,,,,,
David,standard,,,,,,,,,,,,,,,,,,,,,
Dawn,standard,,,,,,,,,,,,,,,,,,,,,
Dean,standard,,,,,,,,,,,,,,,,,,,,,
Deanna,standard,,,,,,,,,,,,,,,,,,,,,
Debbie,standard,,,,,,,,,,,,,,,,,,,,,
Deborah,standard,,,,,,,,,,,,,,,,,,,,,
Debra,standard,,,,,,,,,,,,,,,,,,,,,
Declan,standard,,,,,,,,,,,,,,,,,,,,,
Delaney,standard,,,,,,,,,,,,,,,,,,,,,
Delilah,standard,,,,,,,,,,,,,,,,,,,,,
Denise,standard,,,,,,,,,,,,,,,,,,,,,
Dennis,standard,,,,,,,,,,,,,,,,,,,,,
Derek,standard,,,,,,,,,,,,,,,,,,,,,
Derrick,standard,,,,,,,,,,,,,,,,,,,,,
Desiree,standard,,,,,,,,,,,,,,,,,,,,,
Destiny,standard,,,,,,,,,,,,,,,,,,,,,
Devin,standard,,,,,,,,,,,,,,,,,,,,,
Devon,standard,,,,,,,,,,,,,,,,,,,,,
Diamond,standard,,,,,,,,,,,,,,,,,,,,,
Diana,standard,,,,,,,,,,,,,,,,,,,,,
Diane,standard,,,,,,,,,,,,,,,,,,,,,
Diego,standard,,,,,,,,,,,,,,,,,,,,,
Dillon,standard,,,,,,,,,,,,,,,,,,,,,
Dominic,standard,,,,,,,,,,,,,,,,,,,,,
Dominique,standard,,,,,,,,,,,,,,,,,,,,,
Don,standard,,,,,,,,,,,,,,,,,,,,,
Donald,standard,,,,,,,,,,,,,,,,,,,,,
Donna,standard,,,,,,,,,,,,,,,,,,,,,
Donovan,standard,,,,,,,,,,,,,,,,,,,,,
Doris,standard,,,,,,,,,,,,,,,,,,,,,
Dorothy,standard,,,,,,,,,,,,,,,,,,,,,
Douglas,standard,,,,,,,,,,,,,,,,,,,,,
Drew,standard,,,,,,,,,,,,,,,,,,,,,
Duane,standard,,,,,,,,,,,,,,,,,,,,,
Dustin,standard,,,,,,,,,,,,,,,,,,,,,
Dwayne,standard,,,,,,,,,,,,,,,,,,,,,
Dylan,standard,,,,,,,,,,,,,,,,,,,,,
Earl,standard,,,,,,,,,,,,,,,,,,,,,
Easton,standard,,,,,,,,,,,,,,,,,,,,,
Ebony,standard,,,,,,,,,,,,,,,,,,,,,
Eddie,standard,,,,,,,,,,,,,,,,,,,,,
Eden,standard,,,,,,,,,,,,,,,,,,,,,
Edgar,standard,,,,,,,,,,,,,,,,,,,,,
Eduardo,standard,,,,,,,,,,,,,,,,,,,,,
Edward,standard,,,,,,,,,,,,,,,,,,,,,
Edwin,standard,,,,,,,,,,,,,,,,,,,,,
Eileen,standard,,,,,,,,,,,,,,,,,,,,,
Elaine,standard,,,,,,,,,,,,,,,,,,,,,
Eleanor,standard,,,,,,,,,,,,,,,,,,,,,
Elena,standard,,,,,,,,,,,,,,,,,,,,,
Eli,standard,,,,,,,,,,,,,,,,,,,,,
Eliana,standard,,,,,,,,,,,,,,,,,,,,,
Elias,standard,,,,,,,,,,,,,,,,,,,,,
Elijah,standard,,,,,,,,,,,,,,,,,,,,,
Elise,standard,,,,,,,,,,,,,,,,,,,,,
Eliza,standard,,,,,,,,,,,,,,,,,,,,,
Elizabeth,standard,,,,,,,,,,,,,,,,,,,,,
Ella,standard,,,,,,,,,,,,,,,,,,,,,
Ellen,standard,,,,,,,,,,,,,,,,,,,,,
Ellie,standard,,,,,,,,,,,,,,,,,,,,,
Emery,standard,,,,,,,,,,,,,,,,,,,,,
Emilia,standard,,,,,,,,,,,,,,,,,,,,,
Emily,standard,,,,,,,,,,,,,,,,,,,,,
Emma,standard,,,,,,,,,,,,,,,,,,,,,
Emmanuel,standard,,,,,,,,,,,,,,,,,,,,,
Emmett,standard,,,,,,,,,,,,,,,,,,,,,
Eric,standard,,,,,,,,,,,,,,,,,,,,,
Erica,standard,,,,,,,,,,,,,,,,,,,,,
Erick,standard,,,,,,,,,,,,,,,,,,,,,
Erik,standard,,,,,,,,,,,,,,,,,,,,,
Erika,standard,,,,,,,,,,,,,,,,,,,,,
Erin,standard,,,,,,,,,,,,,,,,,,,,,
Ernest,standard,,,,,,,,,,,,,,,,,,,,,
Ethan,standard,,,,,,,,,,,,,,,,,,,,,
Eugene,standard,,,,,,,,,,,,,,,,,,,,,
Eva,standard,,,,,,,,,,,,,,,,,,,,,
Evan,standard,,,,,,,,,,,,,,,,,,,,,
Evelyn,standard,,,,,,,,,,,,,,,,,,,,,
Everett,standard,,,,,,,,,,,,,,,,,,,,,
Everly,standard,,,,,,,,,,,,,,,,,,,,,
Ezekiel,standard,,,,,,,,,,,,,,,,,,,,,
Ezra,standard,,,,,,,,,,,,,,,,,,,,,
Faith,standard,,,,,,,,,,,,,,,,,,,,,
Felicia,standard,,,,,,,,,,,,,,,,,,,,,
Fernando,standard,,,,,,,,,,,,,,,,,,,,,
Frances,standard,,,,,,,,,,,,,,,,,,,,,
Francis,standard,,,,,,,,,,,,,,,,,,,,,
Francisco,standard,,,,,,,,,,,,,,,,,,,,,
Frank,standard,,,,,,,,,,,,,,,,,,,,,
Franklin,standard,,,,,,,,,,,,,,,,,,,,,
Fred,standard,,,,,,,,,,,,,,,,,,,,,
Frederick,standard,,,,,,,,,,,,,,,,,,,,,
Gabriel,standard,,,,,,,,,,,,,,,,,,,,,
Gabriela,standard,,,,,,,,,,,,,,,,,,,,,
Gabriella,standard,,,,,,,,,,,,,,,,,,,,,
Gabrielle,standard,,,,,,,,,,,,,,,,,,,,,
Gael,standard,,,,,,,,,,,,,,,,,,,,,
Gage,standard,,,,,,,,,,,,,,,,,,,,,
Gail,standard,,,,,,,,,,,,,,,,,,,,,
Garrett,standard,,,,,,,,,,,,,,,,,,,,,
Gary,standard,,,,,,,,,,,,,,,,,,,,,
Gavin,standard,,,,,,,,,,,,,,,,,,,,,
Gene,standard,,,,,,,,,,,,,,,,,,,,,
Genesis,standard,,,,,,,,,,,,,,,,,,,,,
Geoffrey,standard,,,,,,,,,,,,,,,,,,,,,
George,standard,,,,,,,,,,,,,,,,,,,,,
Gerald,standard,,,,,,,,,,,,,,,,,,,,,
Gianna,standard,,,,,,,,,,,,,,,,,,,,,
Gilbert,standard,,,,,,,,,,,,,,,,,,,,,
Gina,standard,,,,,,,,,,,,,,,,,,,,,
Giovanni,standard,,,,,,,,,,,,,,,,,,,,,
Giselle,standard,,,,,,,,,,,,,,,,,,,,,
Glen,standard,,,,,,,,,,,,,,,,,,,,,
Glenda,standard,,,,,,,,,,,,,,,,,,,,,
Glenn,standard,,,,,,,,,,,,,,,,,,,,,
Gloria,standard,,,,,,,,,,,,,,,,,,,,,
Gordon,standard,,,,,,,,,,,,,,,,,,,,,
Grace,standard,,,,,,,,,,,,,,,,,,,,,
Gracie,standard,,,,,,,,,,,,,,,,,,,,,
Graham,standard,,,,,,,,,,,,,,,,,,,,,
Grant,standard,,,,,,,,,,,,,,,,,,,,,
Grayson,standard,,,,,,,,,,,,,,,,,,,,,
Greg,standard,,,,,,,,,,,,,,,,,,,,,
Gregg,standard,,,,,,,,,,,,,,,,,,,,,
Gregory,standard,,,,,,,,,,,,,,,,,,,,,
Greyson,standard,,,,,,,,,,,,,,,,,,,,,
Guy,standard,,,,,,,,,,,,,,,,,,,,,
Gwendolyn,standard,,,,,,,,,,,,,,,,,,,,,
Hadley,standard,,,,,,,,,,,,,,,,,,,,,
Hailey,standard,,,,,,,,,,,,,,,,,,,,,
Haley,standard,,,,,,,,,,,,,,,,,,,,,
Hannah,standard,,,,,,,,,,,,,,,,,,,,,
Harmony,standard,,,,,,,,,,,,,,,,,,,,,
Harold,standard,,,,,,,,,,,,,,,,,,,,,
Harper,standard,,,,,,,,,,,,,,,,,,,,,
Harrison,standard,,,,,,,,,,,,,,,,,,,,,
Harry,standard,,,,,,,,,,,,,,,,,,,,,
Hayden,standard,,,,,,,,,,,,,,,,,,,,,
Hayley,standard,,,,,,,,,,,,,,,,,,,,,
Hazel,standard,,,,,,,,,,,,,,,,,,,,,
Heather,standard,,,,,,,,,,,,,,,,,,,,,
Hector,standard,,,,,,,,,,,,,,,,,,,,,
Heidi,standard,,,,,,,,,,,,,,,,,,,,,
Helen,standard,,,,,,,,,,,,,,,,,,,,,
Henry,standard,,,,,,,,,,,,,,,,,,,,,
Herbert,standard,,,,,,,,,,,,,,,,,,,,,
Holly,standard,,,,,,,,,,,,,,,,,,,,,
Hope,standard,,,,,,,,,,,,,,,,,,,,,
Howard,standard,,,,,,,,,,,,,,,,,,,,,
Hudson,standard,,,,,,,,,,,,,,,,,,,,,
Hunter,standard,,,,,,,,,,,,,,,,,,,,,
Ian,standard,,,,,,,,,,,,,,,,,,,,,
Isaac,standard,,,,,,,,,,,,,,,,,,,,,
Isabel,standard,,,,,,,,,,,,,,,,,,,,,
Isabella,standard,,,,,,,,,,,,,,,,,,,,,
Isabelle,standard,,,,,,,,,,,,,,,,,,,,,
Isaiah,standard,,,,,,,,,,,,,,,,,,,,,
Isla,standard,,,,,,,,,,,,,,,,,,,,,
Ivan,standard,,,,,,,,,,,,,,,,,,,,,
Ivy,standard,,,,,,,,,,,,,,,,,,,,,
Izabella,standard,,,,,,,,,,,,,,,,,,,,,
Jace,standard,,,,,,,,,,,,,,,,,,,,,
Jack,standard,,,,,,,,,,,,,,,,,,,,,
Jackie,standard,,,,,,,,,,,,,,,,,,,,,
Jackson,standard,,,,,,,,,,,,,,,,,,,,,
Jaclyn,standard,,,,,,,,,,,,,,,,,,,,,
Jacob,standard,,,,,,,,,,,,,,,,,,,,,
Jacqueline,standard,,,,,,,,,,,,,,,,,,,,,
Jada,standard,,,,,,,,,,,,,,,,,,,,,
Jade,standard,,,,,,,,,,,,,,,,,,,,,
Jaden,standard,,,,,,,,,,,,,,,,,,,,,
Jaime,standard,,,,,,,,,,,,,,,,,,,,,
Jake,standard,,,,,,,,,,,,,,,,,,,,,
Jalen,standard,,,,,,,,,,,,,,,,,,,,,
James,standard,,,,,,,,,,,,,,,,,,,,,
Jameson,standard,,,,,,,,,,,,,,,,,,,,,
Jamie,standard,,,,,,,,,,,,,,,,,,,,,
Jane,standard,,,,,,,,,,,,,,,,,,,,,
Janet,standard,,,,,,,,,,,,,,,,,,,,,
Janice,standard,,,,,,,,,,,,,,,,,,,,,
Jared,standard,,,,,,,,,,,,,,,,,,,,,
Jasmin,standard,,,,,,,,,,,,,,,,,,,,,
Jasmine,standard,,,,,,,,,,,,,,,,,,,,,
Jason,standard,,,,,,,,,,,,,,,,,,,,,
Javier,standard,,,,,,,,,,,,,,,,,,,,,
Jaxon,standard,,,,,,,,,,,,,,,,,,,,,
Jaxson,standard,,,,,,,,,,,,,,,,,,,,,
Jay,standard,,,,,,,,,,,,,,,,,,,,,
Jayce,standard,,,,,,,,,,,,,,,,,,,,,
Jayden,standard,,,,,,,,,,,,,,,,,,,,,
Jayla,standard,,,,,,,,,,,,,,,,,,,,,
Jazmin,standard,,,,,,,,,,,,,,,,,,,,,
Jean,standard,,,,,,,,,,,,,,,,,,,,,
Jeanette,standard,,,,,,,,,,,,,,,,,,,,,
Jeanne,standard,,,,,,,,,,,,,,,,,,,,,
Jeff,standard,,,,,,,,,,,,,,,,,,,,,
Jeffery,standard,,,,,,,,,,,,,,,,,,,,,
Jeffrey,standard,,,,,,,,,,,,,,,,,,,,,
Jenna,standard,,,,,,,,,,,,,,,,,,,,,
Jennifer,standard,,,,,,,,,,,,,,,,,,,,,
Jenny,standard,,,,,,,,,,,,,,,,,,,,,
Jeremiah,standard,,,,,,,,,,,,,,,,,,,,,
Jeremy,standard,,,,,,,,,,,,,,,,,,,,,
Jermaine,standard,,,,,,,,,,,,,,,,,,,,,
Jerome,standard,,,,,,,,,,,,,,,,,,,,,
Jerry,standard,,,,,,,,,,,,,,,,,,,,,
Jesse,standard,,,,,,,,,,,,,,,,,,,,,
Jessica,standard,,,,,,,,,,,,,,,,,,,,,
Jesus,standard,,,,,,,,,,,,,,,,,,,,,
Jill,standard,,,,,,,,,,,,,,,,,,,,,
Jillian,standard,,,,,,,,,,,,,,,,,,,,,
Jim,standard,,,,,,,,,,,,,,,,,,,,,
Jimmy,standard,,,,,,,,,,,,,,,,,,,,,
Jo,standard,,,,,,,,,,,,,,,,,,,,,
Joan,standard,,,,,,,,,,,,,,,,,,,,,
Joann,standard,,,,,,,,,,,,,,,,,,,,,
Joanna,standard,,,,,,,,,,,,,,,,,,,,,
Joanne,standard,,,,,,,,,,,,,,,,,,,,,
Jocelyn,standard,,,,,,,,,,,,,,,,,,,,,
Jodi,standard,,,,,,,,,,,,,,,,,,,,,
Jody,standard,,,,,,,,,,,,,,,,,,,,,
Joe,standard,,,,,,,,,,,,,,,,,,,,,
Joel,standard,,,,,,,,,,,,,,,,,,,,,
John,standard,,,,,,,,,,,,,,,,,,,,,
Johnathan,standard,,,,,,,,,,,,,,,,,,,,,
Johnny,standard,,,,,,,,,,,,,,,,,,,,,
Jon,standard,,,,,,,,,,,,,,,,,,,,,
Jonah,standard,,,,,,,,,,,,,,,,,,,,,
Jonathan,standard,,,,,,,,,,,,,,,,,,,,,
Jonathon,standard,,,,,,,,,,,,,,,,,,,,,
Jordan,standard,,,,,,,,,,,,,,,,,,,,,
Jordyn,standard,,,,,,,,,,,,,,,,,,,,,
Jorge,standard,,,,,,,,,,,,,,,,,,,,,
Jose,standard,,,,,,,,,,,,,,,,,,,,,
Joseph,standard,,,,,,,,,,,,,,,,,,,,,
Josephine,standard,,,,,,,,,,,,,,,,,,,,,
Joshua,standard,,,,,,,,,,,,,,,,,,,,,
Josiah,standard,,,,,,,,,,,,,,,,,,,,,
Joy,standard,,,,,,,,,,,,,,,,,,,,,
Joyce,standard,,,,,,,,,,,,,,,,,,,,,
Juan,standard,,,,,,,,,,,,,,,,,,,,,
Jude,standard,,,,,,,,,,,,,,,,,,,,,
Judith,standard,,,,,,,,,,,,,,,,,,,,,
Judy,standard,,,,,,,,,,,,,,,,,,,,,
Julia,standard,,,,,,,,,,,,,,,,,,,,,
Julian,standard,,,,,,,,,,,,,,,,,,,,,
Juliana,standard,,,,,,,,,,,,,,,,,,,,,
Julianna,standard,,,,,,,,,,,,,,,,,,,,,
Julie,standard,,,,,,,,,,,,,,,,,,,,,
Justin,standard,,,,,,,,,,,,,,,,,,,,,
Kaden,standard,,,,,,,,,,,,,,,,,,,,,
Kai,standard,,,,,,,,,,,,,,,,,,,,,
Kaiden,standard,,,,,,,,,,,,,,,,,,,,,
Kaitlin,standard,,,,,,,,,,,,,,,,,,,,,
Kaitlyn,standard,,,,,,,,,,,,,,,,,,,,,
Kaleb,standard,,,,,,,,,,,,,,,,,,,,,
Kara,standard,,,,,,,,,,,,,,,,,,,,,
Karen,standard,,,,,,,,,,,,,,,,,,,,,
Kari,standard,,,,,,,,,,,,,,,,,,,,,
Karina,standard,,,,,,,,,,,,,,,,,,,,,
Karl,standard,,,,,,,,,,,,,,,,,,,,,
Karla,standard,,,,,,,,,,,,,,,,,,,,,
Kate,standard,,,,,,,,,,,,,,,,,,,,,
Katelyn,standard,,,,,,,,,,,,,,,,,,,,,
Katherine,standard,,,,,,,,,,,,,,,,,,,,,
Kathleen,standard,,,,,,,,,,,,,,,,,,,,,
Kathryn,standard,,,,,,,,,,,,,,,,,,,,,
Kathy,standard,,,,,,,,,,,,,,,,,,,,,
Katie,standard,,,,,,,,,,,,,,,,,,,,,
Katrina,standard,,,,,,,,,,,,,,,,,,,,,
Kayden,standard,,,,,,,,,,,,,,,,,,,,,
Kayla,standard,,,,,,,,,,,,,,,,,,,,,
Kaylee,standard,,,,,,,,,,,,,,,,,,,,,
Keith,standard,,,,,,,,,,,,,,,,,,,,,
Kelli,standard,,,,,,,,,,,,,,,,,,,,,
Kellie,standard,,,,,,,,,,,,,,,,,,,,,
Kelly,standard,,,,,,,,,,,,,,,,,,,,,
Kelsey,standard,,,,,,,,,,,,,,,,,,,,,
Kendall,standard,,,,,,,,,,,,,,,,,,,,,
Kendra,standard,,,,,,,,,,,,,,,,,,,,,
Kennedy,standard,,,,,,,,,,,,,,,,,,,,,
Kenneth,standard,,,,,,,,,,,,,,,,,,,,,
Kent,standard,,,,,,,,,,,,,,,,,,,,,
Kerri,standard,,,,,,,,,,,,,,,,,,,,,
Kerry,standard,,,,,,,,,,,,,,,,,,,,,
Kevin,standard,,,,,,,,,,,,,,,,,,,,,
Khloe,standard,,,,,,,,,,,,,,,,,,,,,
Kiara,standard,,,,,,,,,,,,,,,,,,,,,
Kim,standard,,,,,,,,,,,,,,,,,,,,,
Kimberly,standard,,,,,,,,,,,,,,,,,,,,,
King,standard,,,,,,,,,,,,,,,,,,,,,
Kingston,standard,,,,,,,,,,,,,,,,,,,,,
Kinsley,standard,,,,,,,,,,,,,,,,,,,,,
Kirk,standard,,,,,,,,,,,,,,,,,,,,,
Kirsten,standard,,,,,,,,,,,,,,,,,,,,,
Krista,standard,,,,,,,,,,,,,,,,,,,,,
Kristen,standard,,,,,,,,,,,,,,,,,,,,,
Kristi,standard,,,,,,,,,,,,,,,,,,,,,
Kristie,standard,,,,,,,,,,,,,,,,,,,,,
Kristin,standard,,,,,,,,,,,,,,,,,,,,,
Kristina,standard,,,,,,,,,,,,,,,,,,,,,
Kristine,standard,,,,,,,,,,,,,,,,,,,,,
Kristopher,standard,,,,,,,,,,,,,,,,,,,,,
Kristy,standard,,,,,,,,,,,,,,,,,,,,,
Krystal,standard,,,,,,,,,,,,,,,,,,,,,
Kurt,standard,,,,,,,,,,,,,,,,,,,,,
Kyle,standard,,,,,,,,,,,,,,,,,,,,,
Kylee,standard,,,,,,,,,,,,,,,,,,,,,
Kylie,standard,,,,,,,,,,,,,,,,,,,,,
Lacey,standard,,,,,,,,,,,,,,,,,,,,,
Laila,standard,,,,,,,,,,,,,,,,,,,,,
Lance,standard,,,,,,,,,,,,,,,,,,,,,
Landon,standard,,,,,,,,,,,,,,,,,,,,,
Larry,standard,,,,,,,,,,,,,,,,,,,,,
Latasha,standard,,,,,,,,,,,,,,,,,,,,,
Latoya,standard,,,,,,,,,,,,,,,,,,,,,
Laura,standard,,,,,,,,,,,,,,,,,,,,,
Lauren,standard,,,,,,,,,,,,,,,,,,,,,
Laurie,standard,,,,,,,,,,,,,,,,,,,,,
Lawrence,standard,,,,,,,,,,,,,,,,,,,,,
Layla,standard,,,,,,,,,,,,,,,,,,,,,
Leah,standard,,,,,,,,,,,,,,,,,,,,,
Lee,standard,,,,,,,,,,,,,,,,,,,,,
Leilani,standard,,,,,,,,,,,,,,,,,,,,,
Leo,standard,,,,,,,,,,,,,,,,,,,,,
Leon,standard,,,,,,,,,,,,,,,,,,,,,
Leonard,standard,,,,,,,,,,,,,,,,,,,,,
Leonardo,standard,,,,,,,,,,,,,,,,,,,,,
Leroy,standard,,,,,,,,,,,,,,,,,,,,,
Leslie,standard,,,,,,,,,,,,,,,,,,,,,
Levi,standard,,,,,,,,,,,,,,,,,,,,,
Liam,standard,,,,,,,,,,,,,,,,,,,,,
Lila,standard,,,,,,,,,,,,,,,,,,,,,
Liliana,standard,,,,,,,,,,,,,,,,,,,,,
Lillian,standard,,,,,,,,,,,,,,,,,,,,,
Lilly,standard,,,,,,,,,,,,,,,,,,,,,
Lily,standard,,,,,,,,,,,,,,,,,,,,,
Lincoln,standard,,,,,,,,,,,,,,,,,,,,,
Linda,standard,,,,,,,,,,,,,,,,,,,,,
Lindsay,standard,,,,,,,,,,,,,,,,,,,,,
Lindsey,standard,,,,,,,,,,,,,,,,,,,,,
Lisa,standard,,,,,,,,,,,,,,,,,,,,,
Logan,standard,,,,,,,,,,,,,,,,,,,,,
London,standard,,,,,,,,,,,,,,,,,,,,,
Londyn,standard,,,,,,,,,,,,,,,,,,,,,
Lonnie,standard,,,,,,,,,,,,,,,,,,,,,
Loretta,standard,,,,,,,,,,,,,,,,,,,,,
Lori,standard,,,,,,,,,,,,,,,,,,,,,
Lorraine,standard,,,,,,,,,,,,,,,,,,,,,
Louis,standard,,,,,,,,,,,,,,,,,,,,,
Luca,standard,,,,,,,,,,,,,,,,,,,,,
Lucas,standard,,,,,,,,,,,,,,,,,,,,,
Lucy,standard,,,,,,,,,,,,,,,,,,,,,
Luis,standard,,,,,,,,,,,,,,,,,,,,,
Luke,standard,,,,,,,,,,,,,,,,,,,,,
Luna,standard,,,,,,,,,,,,,,,,,,,,,
Lydia,standard,,,,,,,,,,,,,,,,,,,,,
Lyla,standard,,,,,,,,,,,,,,,,,,,,,
Lynn,standard,,,,,,,,,,,,,,,,,,,,,
Mackenzie,standard,,,,,,,,,,,,,,,,,,,,,
Maddox,standard,,,,,,,,,,,,,,,,,,,,,
Madeline,standard,,,,,,,,,,,,,,,,,,,,,
Madelyn,standard,,,,,,,,,,,,,,,,,,,,,
Madison,standard,,,,,,,,,,,,,,,,,,,,,
Makayla,standard,,,,,,,,,,,,,,,,,,,,,
Makenzie,standard,,,,,,,,,,,,,,,,,,,,,
Malachi,standard,,,,,,,,,,,,,,,,,,,,,
Malik,standard,,,,,,,,,,,,,,,,,,,,,
Mallory,standard,,,,,,,,,,,,,,,,,,,,,
Mandy,standard,,,,,,,,,,,,,,,,,,,,,
Manuel,standard,,,,,,,,,,,,,,,,,,,,,
Marc,standard,,,,,,,,,,,,,,,,,,,,,
Marcia,standard,,,,,,,,,,,,,,,,,,,,,
Marco,standard,,,,,,,,,,,,,,,,,,,,,
Marcus,standard,,,,,,,,,,,,,,,,,,,,,
Margaret,standard,,,,,,,,,,,,,,,,,,,,,
Maria,standard,,,,,,,,,,,,,,,,,,,,,
Mariah,standard,,,,,,,,,,,,,,,,,,,,,
Marie,standard,,,,,,,,,,,,,,,,,,,,,
Marilyn,standard,,,,,,,,,,,,,,,,,,,,,
Mario,standard,,,,,,,,,,,,,,,,,,,,,
Marisa,standard,,,,,,,,,,,,,,,,,,,,,
Marissa,standard,,,,,,,,,,,,,,,,,,,,,
Mark,standard,,,,,,,,,,,,,,,,,,,,,
Martha,standard,,,,,,,,,,,,,,,,,,,,,
Martin,standard,,,,,,,,,,,,,,,,,,,,,
Marvin,standard,,,,,,,,,,,,,,,,,,,,,
Mary,standard,,,,,,,,,,,,,,,,,,,,,
Mason,standard,,,,,,,,,,,,,,,,,,,,,
Mateo,standard,,,,,,,,,,,,,,,,,,,,,
Mathew,standard,,,,,,,,,,,,,,,,,,,,,
Matthew,standard,,,,,,,,,,,,,,,,,,,,,
Maureen,standard,,,,,,,,,,,,,,,,,,,,,
Maurice,standard,,,,,,,,,,,,,,,,,,,,,
Maverick,standard,,,,,,,,,,,,,,,,,,,,,
Max,standard,,,,,,,,,,,,,,,,,,,,,
Maximus,standard,,,,,,,,,,,,,,,,,,,,,
Maxwell,standard,,,,,,,,,,,,,,,,,,,,,
Maya,standard,,,,,,,,,,,,,,,,,,,,,
Mckenzie,standard,,,,,,,,,,,,,,,,,,,,,
Meagan,standard,,,,,,,,,,,,,,,,,,,,,
Megan,standard,,,,,,,,,,,,,,,,,,,,,
Meghan,standard,,,,,,,,,,,,,,,,,,,,,
Melanie,standard,,,,,,,,,,,,,,,,,,,,,
Melinda,standard,,,,,,,,,,,,,,,,,,,,,
Melissa,standard,,,,,,,,,,,,,,,,,,,,,
Melody,standard,,,,,,,,,,,,,,,,,,,,,
Melvin,standard,,,,,,,,,,,,,,,,,,,,,
Mercedes,standard,,,,,,,,,,,,,,,,,,,,,
Meredith,standard,,,,,,,,,,,,,,,,,,,,,
Mia,standard,,,,,,,,,,,,,,,,,,,,,
Micah,standard,,,,,,,,,,,,,,,,,,,,,
Michael,standard,,,,,,,,,,,,,,,,,,,,,
Michaela,standard,,,,,,,,,,,,,,,,,,,,,
Micheal,standard,,,,,,,,,,,,,,,,,,,,,
Michele,standard,,,,,,,,,,,,,,,,,,,,,
Michelle,standard,,,,,,,,,,,,,,,,,,,,,
Miguel,standard,,,,,,,,,,,,,,,,,,,,,
Mikayla,standard,,,,,,,,,,,,,,,,,,,,,
Mike,standard,,,,,,,,,,,,,,,,,,,,,
Mila,standard,,,,,,,,,,,,,,,,,,,,,
Miles,standard,,,,,,,,,,,,,,,,,,,,,
Mindy,standard,,,,,,,,,,,,,,,,,,,,,
Miranda,standard,,,,,,,,,,,,,,,,,,,,,
Misty,standard,,,,,,,,,,,,,,,,,,,,,
Mitchell,standard,,,,,,,,,,,,,,,,,,,,,
Molly,standard,,,,,,,,,,,,,,,,,,,,,
Monica,standard,,,,,,,,,,,,,,,,,,,,,
Monique,standard,,,,,,,,,,,,,,,,,,,,,
Morgan,standard,,,,,,,,,,,,,,,,,,,,,
Mya,standard,,,,,,,,,,,,,,,,,,,,,
Nancy,standard,,,,,,,,,,,,,,,,,,,,,
Naomi,standard,,,,,,,,,,,,,,,,,,,,,
Natalia,standard,,,,,,,,,,,,,,,,,,,,,
Natalie,standard,,,,,,,,,,,,,,,,,,,,,
Natasha,standard,,,,,,,,,,,,,,,,,,,,,
Nathan,standard,,,,,,,,,,,,,,,,,,,,,
Nathaniel,standard,,,,,,,,,,,,,,,,,,,,,
Neil,standard,,,,,,,,,,,,,,,,,,,,,
Nevaeh,standard,,,,,,,,,,,,,,,,,,,,,
Nicholas,standard,,,,,,,,,,,,,,,,,,,,,
Nichole,standard,,,,,,,,,,,,,,,,,,,,,
Nicolas,standard,,,,,,,,,,,,,,,,,,,,,
Nicole,standard,,,,,,,,,,,,,,,,,,,,,
Nina,standard,,,,,,,,,,,,,,,,,,,,,
Noah,standard,,,,,,,,,,,,,,,,,,,,,
Nolan,standard,,,,,,,,,,,,,,,,,,,,,
Nora,standard,,,,,,,,,,,,,,,,,,,,,
Norah,standard,,,,,,,,,,,,,,,,,,,,,
Norma,standard,,,,,,,,,,,,,,,,,,,,,
Norman,standard,,,,,,,,,,,,,,,,,,,,,
Oliver,standard,,,,,,,,,,,,,,,,,,,,,
Olivia,standard,,,,,,,,,,,,,,,,,,,,,
Omar,standard,,,,,,,,,,,,,,,,,,,,,
Oscar,standard,,,,,,,,,,,,,,,,,,,,,
Owen,standard,,,,,,,,,,,,,,,,,,,,,
Paige,standard,,,,,,,,,,,,,,,,,,,,,
Paisley,standard,,,,,,,,,,,,,,,,,,,,,
Pam,standard,,,,,,,,,,,,,,,,,,,,,
Pamela,standard,,,,,,,,,,,,,,,,,,,,,
Parker,standard,,,,,,,,,,,,,,,,,,,,,
Patricia,standard,,,,,,,,,,,,,,,,,,,,,
Patrick,standard,,,,,,,,,,,,,,,,,,,,,
Patty,standard,,,,,,,,,,,,,,,,,,,,,
Paul,standard,,,,,,,,,,,,,,,,,,,,,
Paula,standard,,,,,,,,,,,,,,,,,,,,,
Payton,standard,,,,,,,,,,,,,,,,,,,,,
Pedro,standard,,,,,,,,,,,,,,,,,,,,,
Peggy,standard,,,,,,,,,,,,,,,,,,,,,
Penelope,standard,,,,,,,,,,,,,,,,,,,,,
Penny,standard,,,,,,,,,,,,,,,,,,,,,
Perry,standard,,,,,,,,,,,,,,,,,,,,,
Peter,standard,,,,,,,,,,,,,,,,,,,,,
Peyton,standard,,,,,,,,,,,,,,,,,,,,,
Philip,standard,,,,,,,,,,,,,,,,,,,,,
Phillip,standard,,,,,,,,,,,,,,,,,,,,,
Phyllis,standard,,,,,,,,,,,,,,,,,,,,,
Piper,standard,,,,,,,,,,,,,,,,,,,,,
Preston,standard,,,,,,,,,,,,,,,,,,,,,
Priscilla,standard,,,,,,,,,,,,,,,,,,,,,
Quinn,standard,,,,,,,,,,,,,,,,,,,,,
Rachael,standard,,,,,,,,,,,,,,,,,,,,,
Rachel,standard,,,,,,,,,,,,,,,,,,,,,
Ralph,standard,,,,,,,,,,,,,,,,,,,,,
Randall,standard,,,,,,,,,,,,,,,,,,,,,
Randy,standard,,,,,,,,,,,,,,,,,,,,,
Raven,standard,,,,,,,,,,,,,,,,,,,,,
Ray,standard,,,,,,,,,,,,,,,,,,,,,
Raymond,standard,,,,,,,,,,,,,,,,,,,,,
Reagan,standard,,,,,,,,,,,,,,,,,,,,,
Rebecca,standard,,,,,,,,,,,,,,,,,,,,,
Rebekah,standard,,,,,,,,,,,,,,,,,,,,,
Reese,standard,,,,,,,,,,,,,,,,,,,,,
Regina,standard,,,,,,,,,,,,,,,,,,,,,
Reginald,standard,,,,,,,,,,,,,,,,,,,,,
Renee,standard,,,,,,,,,,,,,,,,,,,,,
Rhonda,standard,,,,,,,,,,,,,,,,,,,,,
Ricardo,standard,,,,,,,,,,,,,,,,,,,,,
Richard,standard,,,,,,,,,,,,,,,,,,,,,
Rick,standard,,,,,,,,,,,,,,,,,,,,,
Rickey,standard,,,,,,,,,,,,,,,,,,,,,
Ricky,standard,,,,,,,,,,,,,,,,,,,,,
Riley,standard,,,,,,,,,,,,,,,,,,,,,
Rita,standard,,,,,,,,,,,,,,,,,,,,,
Robert,standard,,,,,,,,,,,,,,,,,,,,,
Roberta,standard,,,,,,,,,,,,,,,,,,,,,
Roberto,standard,,,,,,,,,,,,,,,,,,,,,
Robin,standard,,,,,,,,,,,,,,,,,,,,,
Robyn,standard,,,,,,,,,,,,,,,,,,,,,
Rodney,standard,,,,,,,,,,,,,,,,,,,,,
Roger,standard,,,,,,,,,,,,,,,,,,,,,
Roman,standard,,,,,,,,,,,,,,,,,,,,,
Ronald,standard,,,,,,,,,,,,,,,,,,,,,
Ronnie,standard,,,,,,,,,,,,,,,,,,,,,
Rose,standard,,,,,,,,,,,,,,,,,,,,,
Ross,standard,,,,,,,,,,,,,,,,,,,,,
Roy,standard,,,,,,,,,,,,,,,,,,,,,
Ruben,standard,,,,,,,,,,,,,,,,,,,,,
Ruby,standard,,,,,,,,,,,,,,,,,,,,,
Russell,standard,,,,,,,,,,,,,,,,,,,,,
Ruth,standard,,,,,,,,,,,,,,,,,,,,,
Ryan,standard,,,,,,,,,,,,,,,,,,,,,
Ryder,standard,,,,,,,,,,,,,,,,,,,,,
Ryker,standard,,,,,,,,,,,,,,,,,,,,,
Rylee,standard,,,,,,,,,,,,,,,,,,,,,
Ryleigh,standard,,,,,,,,,,,,,,,,,,,,,
Sabrina,standard,,,,,,,,,,,,,,,,,,,,,
Sadie,standard,,,,,,,,,,,,,,,,,,,,,
Sally,standard,,,,,,,,,,,,,,,,,,,,,
Samantha,standard,,,,,,,,,,,,,,,,,,,,,
Samuel,standard,,,,,,,,,,,,,,,,,,,,,
Sandra,standard,,,,,,,,,,,,,,,,,,,,,
Sandy,standard,,,,,,,,,,,,,,,,,,,,,
Santiago,standard,,,,,,,,,,,,,,,,,,,,,
Sara,standard,,,,,,,,,,,,,,,,,,,,,
Sarah,standard,,,,,,,,,,,,,,,,,,,,,
Savannah,standard,,,,,,,,,,,,,,,,,,,,,
Sawyer,standard,,,,,,,,,,,,,,,,,,,,,
Scarlett,standard,,,,,,,,,,,,,,,,,,,,,
Scott,standard,,,,,,,,,,,,,,,,,,,,,
Sean,standard,,,,,,,,,,,,,,,,,,,,,
Sebastian,standard,,,,,,,,,,,,,,,,,,,,,
Selena,standard,,,,,,,,,,,,,,,,,,,,,
Serenity,standard,,,,,,,,,,,,,,,,,,,,,
Sergio,standard,,,,,,,,,,,,,,,,,,,,,
Seth,standard,,,,,,,,,,,,,,,,,,,,,
Shane,standard,,,,,,,,,,,,,,,,,,,,,
Shannon,standard,,,,,,,,,,,,,,,,,,,,,
Shari,standard,,,,,,,,,,,,,,,,,,,,,
Sharon,standard,,,,,,,,,,,,,,,,,,,,,
Shaun,standard,,,,,,,,,,,,,,,,,,,,,
Shawn,standard,,,,,,,,,,,,,,,,,,,,,
Shawna,standard,,,,,,,,,,,,,,,,,,,,,
Sheena,standard,,,,,,,,,,,,,,,,,,,,,
Sheila,standard,,,,,,,,,,,,,,,,,,,,,
Shelby,standard,,,,,,,,,,,,,,,,,,,,,
Shelia,standard,,,,,,,,,,,,,,,,,,,,,
Shelley,standard,,,,,,,,,,,,,,,,,,,,,
Shelly,standard,,,,,,,,,,,,,,,,,,,,,
Sheri,standard,,,,,,,,,,,,,,,,,,,,,
Sherri,standard,,,,,,,,,,,,,,,,,,,,,
Sherry,standard,,,,,,,,,,,,,,,,,,,,,
Sheryl,standard,,,,,,,,,,,,,,,,,,,,,
Shirley,standard,,,,,,,,,,,,,,,,,,,,,
Sierra,standard,,,,,,,,,,,,,,,,,,,,,
Silas,standard,,,,,,,,,,,,,,,,,,,,,
Skylar,standard,,,,,,,,,,,,,,,,,,,,,
Sofia,standard,,,,,,,,,,,,,,,,,,,,,
Sonia,standard,,,,,,,,,,,,,,,,,,,,,
Sonya,standard,,,,,,,,,,,,,,,,,,,,,
Sophia,standard,,,,,,,,,,,,,,,,,,,,,
Sophie,standard,,,,,,,,,,,,,,,,,,,,,
Spencer,standard,,,,,,,,,,,,,,,,,,,,,
Stacey,standard,,,,,,,,,,,,,,,,,,,,,
Stacie,standard,,,,,,,,,,,,,,,,,,,,,
Stacy,standard,,,,,,,,,,,,,,,,,,,,,
Stanley,standard,,,,,,,,,,,,,,,,,,,,,
Stefanie,standard,,,,,,,,,,,,,,,,,,,,,
Stella,standard,,,,,,,,,,,,,,,,,,,,,
Stephanie,standard,,,,,,,,,,,,,,,,,,,,,
Stephen,standard,,,,,,,,,,,,,,,,,,,,,
Steve,standard,,,,,,,,,,,,,,,,,,,,,
Steven,standard,,,,,,,,,,,,,,,,,,,,,
Stuart,standard,,,,,,,,,,,,,,,,,,,,,
Sue,standard,,,,,,,,,,,,,,,,,,,,,
Summer,standard,,,,,,,,,,,,,,,,,,,,,
Susan,standard,,,,,,,,,,,,,,,,,,,,,
Suzanne,standard,,,,,,,,,,,,,,,,,,,,,
Sydney,standard,,,,,,,,,,,,,,,,,,,,,
Sylvia,standard,,,,,,,,,,,,,,,,,,,,,
Tabitha,standard,,,,,,,,,,,,,,,,,,,,,
Tamara,standard,,,,,,,,,,,,,,,,,,,,,
Tami,standard,,,,,,,,,,,,,,,,,,,,,
Tammie,standard,,,,,,,,,,,,,,,,,,,,,
Tammy,standard,,,,,,,,,,,,,,,,,,,,,
Tanner,standard,,,,,,,,,,,,,,,,,,,,,
Tanya,standard,,,,,,,,,,,,,,,,,,,,,
Tara,standard,,,,,,,,,,,,,,,,,,,,,
Tasha,standard,,,,,,,,,,,,,,,,,,,,,
Taylor,standard,,,,,,,,,,,,,,,,,,,,,
Teresa,standard,,,,,,,,,,,,,,,,,,,,,
Terrance,standard,,,,,,,,,,,,,,,,,,,,,
Terrence,standard,,,,,,,,,,,,,,,,,,,,,
Terri,standard,,,,,,,,,,,,,,,,,,,,,
Terry,standard,,,,,,,,,,,,,,,,,,,,,
Theodore,standard,,,,,,,,,,,,,,,,,,,,,
Theresa,standard,,,,,,,,,,,,,,,,,,,,,
Thomas,standard,,,,,,,,,,,,,,,,,,,,,
Tiffany,standard,,,,,,,,,,,,,,,,,,,,,
Tim,standard,,,,,,,,,,,,,,,,,,,,,
Timothy,standard,,,,,,,,,,,,,,,,,,,,,
Tina,standard,,,,,,,,,,,,,,,,,,,,,
Todd,standard,,,,,,,,,,,,,,,,,,,,,
Tom,standard,,,,,,,,,,,,,,,,,,,,,
Tommy,standard,,,,,,,,,,,,,,,,,,,,,
Toni,standard,,,,,,,,,,,,,,,,,,,,,
Tony,standard,,,,,,,,,,,,,,,,,,,,,
Tonya,standard,,,,,,,,,,,,,,,,,,,,,
Tracey,standard,,,,,,,,,,,,,,,,,,,,,
Traci,standard,,,,,,,,,,,,,,,,,,,,,
Tracie,standard,,,,,,,,,,,,,,,,,,,,,
Tracy,standard,,,,,,,,,,,,,,,,,,,,,
Travis,standard,,,,,,,,,,,,,,,,,,,,,
Trenton,standard,,,,,,,,,,,,,,,,,,,,,
Trevor,standard,,,,,,,,,,,,,,,,,,,,,
Tricia,standard,,,,,,,,,,,,,,,,,,,,,
Trinity,standard,,,,,,,,,,,,,,,,,,,,,
Tristan,standard,,,,,,,,,,,,,,,,,,,,,
Troy,standard,,,,,,,,,,,,,,,,,,,,,
Tucker,standard,,,,,,,,,,,,,,,,,,,,,
Tyler,standard,,,,,,,,,,,,,,,,,,,,,
Tyrone,standard,,,,,,,,,,,,,,,,,,,,,
Valentina,standard,,,,,,,,,,,,,,,,,,,,,
Valeria,standard,,,,,,,,,,,,,,,,,,,,,
Valerie,standard,,,,,,,,,,,,,,,,,,,,,
Vanessa,standard,,,,,,,,,,,,,,,,,,,,,
Vernon,standard,,,,,,,,,,,,,,,,,,,,,
Veronica,standard,,,,,,,,,,,,,,,,,,,,,
Vicki,standard,,,,,,,,,,,,,,,,,,,,,
Vickie,standard,,,,,,,,,,,,,,,,,,,,,
Victor,standard,,,,,,,,,,,,,,,,,,,,,
Victoria,standard,,,,,,,,,,,,,,,,,,,,,
Vincent,standard,,,,,,,,,,,,,,,,,,,,,
Violet,standard,,,,,,,,,,,,,,,,,,,,,
Virginia,standard,,,,,,,,,,,,,,,,,,,,,
Vivian,standard,,,,,,,,,,,,,,,,,,,,,
Walter,standard,,,,,,,,,,,,,,,,,,,,,
Wanda,standard,,,,,,,,,,,,,,,,,,,,,
Warren,standard,,,,,,,,,,,,,,,,,,,,,
Wayne,standard,,,,,,,,,,,,,,,,,,,,,
Wendy,standard,,,,,,,,,,,,,,,,,,,,,
Wesley,standard,,,,,,,,,,,,,,,,,,,,,
Weston,standard,,,,,,,,,,,,,,,,,,,,,
Whitney,standard,,,,,,,,,,,,,,,,,,,,,
William,standard,,,,,,,,,,,,,,,,,,,,,
Willie,standard,,,,,,,,,,,,,,,,,,,,,
Willow,standard,,,,,,,,,,,,,,,,,,,,,
Wyatt,standard,,,,,,,,,,,,,,,,,,,,,
Xavier,standard,,,,,,,,,,,,,,,,,,,,,
Ximena,standard,,,,,,,,,,,,,,,,,,,,,
Yesenia,standard,,,,,,,,,,,,,,,,,,,,,
Yolanda,standard,,,,,,,,,,,,,,,,,,,,,
Yvette,standard,,,,,,,,,,,,,,,,,,,,,
Yvonne,standard,,,,,,,,,,,,,,,,,,,,,
Zachary,standard,,,,,,,,,,,,,,,,,,,,,
Zoe,standard,,,,,,,,,,,,,,,,,,,,,
Zoey,standard,,,,,,,,,,,,,,,,,,,,,
Aeliana,roman,,,,,,,,,,,,,,,,,,,,,
Albia,roman,,,,,,,,,,,,,,,,,,,,,
Antonia,roman,,,,,,,,,,,,,,,,,,,,,
Aquilia,roman,,,,,,,,,,,,,,,,,,,,,
Argentia,roman,,,,,,,,,,,,,,,,,,,,,
Atticus,roman,,,,,,,,,,,,,,,,,,,,,
Augusta,roman,,,,,,,,,,,,,,,,,,,,,
Augustus,roman,,,,,,,,,,,,,,,,,,,,,
Aurelia,roman,,,,,,,,,,,,,,,,,,,,,
Aurelius,roman,,,,,,,,,,,,,,,,,,,,,
Avita,roman,,,,,,,,,,,,,,,,,,,,,
Caesar,roman,,,,,,,,,,,,,,,,,,,,,
Camilla,roman,,,,,,,,,,,,,,,,,,,,,
Cassia,roman,,,,,,,,,,,,,,,,,,,,,
Cassius,roman,,,,,,,,,,,,,,,,,,,,,
Cato,roman,,,,,,,,,,,,,,,,,,,,,
Cecilia,roman,,,,,,,,,,,,,,,,,,,,,
Cicero,roman,,,,,,,,,,,,,,,,,,,,,
Claudia,roman,,,,,,,,,,,,,,,,,,,,,
Claudius,roman,,,,,,,,,,,,,,,,,,,,,
Clemensia,roman,,,,,,,,,,,,,,,,,,,,,
Cornelius,roman,,,,,,,,,,,,,,,,,,,,,
Crispus,roman,,,,,,,,,,,,,,,,,,,,,
Cyprian,roman,,,,,,,,,,,,,,,,,,,,,
Decima,roman,,,,,,,,,,,,,,,,,,,,,
Decimus,roman,,,,,,,,,,,,,,,,,,,,,
Drusilla,roman,,,,,,,,,,,,,,,,,,,,,
Dulcia,roman,,,,,,,,,,,,,,,,,,,,,
Fabia,roman,,,,,,,,,,,,,,,,,,,,,
Faustina,roman,,,,,,,,,,,,,,,,,,,,,
Felix,roman,,,,,,,,,,,,,,,,,,,,,
Flavia,roman,,,,,,,,,,,,,,,,,,,,,
Florentina,roman,,,,,,,,,,,,,,,,,,,,,
Fortunata,roman,,,,,,,,,,,,,,,,,,,,,
Gaia,roman,,,,,,,,,,,,,,,,,,,,,
Galla,roman,,,,,,,,,,,,,,,,,,,,,
Hilaria,roman,,,,,,,,,,,,,,,,,,,,,
Horatia,roman,,,,,,,,,,,,,,,,,,,,,
Julia,roman,,,,,,,,,,,,,,,,,,,,,
Julius,roman,,,,,,,,,,,,,,,,,,,,,
Junia,roman,,,,,,,,,,,,,,,,,,,,,
Justus,roman,,,,,,,,,,,,,,,,,,,,,
Laelia,roman,,,,,,,,,,,,,,,,,,,,,
Laurentia,roman,,,,,,,,,,,,,,,,,,,,,
Livia,roman,,,,,,,,,,,,,,,,,,,,,
Lucius,roman,,,,,,,,,,,,,,,,,,,,,
Lucretia,roman,,,,,,,,,,,,,,,,,,,,,
Magnus,roman,,,,,,,,,,,,,,,,,,,,,
Marcella,roman,,,,,,,,,,,,,,,,,,,,,
Marcus,roman,,,,,,,,,,,,,,,,,,,,,
Marilla,roman,,,,,,,,,,,,,,,,,,,,,
Marius,roman,,,,,,,,,,,,,,,,,,,,,
Martia,roman,,,,,,,,,,,,,,,,,,,,,
Maxima,roman,,,,,,,,,,,,,,,,,,,,,
Maximus,roman,,,,,,,,,,,,,,,,,,,,,
Mila,roman,,,,,,,,,,,,,,,,,,,,,
Nerilla,roman,,,,,,,,,,,,,,,,,,,,,
Nero,roman,,,,,,,,,,,,,,,,,,,,,
Octavia,roman,,,,,,,,,,,,,,,,,,,,,
Octavius,roman,,,,,,,,,,,,,,,,,,,,,
Philo,roman,,,,,,,,,,,,,,,,,,,,,
Prima,roman,,,,,,,,,,,,,,,,,,,,,
Priscilla,roman,,,,,,,,,,,,,,,,,,,,,
Quintia,roman,,,,,,,,,,,,,,,,,,,,,
Quintus,roman,,,,,,,,,,,,,,,,,,,,,
Remus,roman,,,,,,,,,,,,,,,,,,,,,
Romulus,roman,,,,,,,,,,,,,,,,,,,,,
Rufina,roman,,,,,,,,,,,,,,,,,,,,,
Rufus,roman,,,,,,,,,,,,,,,,,,,,,
Sabina,roman,,,,,,,,,,,,,,,,,,,,,
Seneca,roman,,,,,,,,,,,,,,,,,,,,,
Septima,roman,,,,,,,,,,,,,,,,,,,,,
Septimus,roman,,,,,,,,,,,,,,,,,,,,,
Sergia,roman,,,,,,,,,,,,,,,,,,,,,
Tanaquil,roman,,,,,,,,,,,,,,,,,,,,,
Tatiana,roman,,,,,,,,,,,,,,,,,,,,,
Tauria,roman,,,,,,,,,,,,,,,,,,,,,
Tertia,roman,,,,,,,,,,,,,,,,,,,,,
Tiberius,roman,,,,,,,,,,,,,,,,,,,,,
Tullia,roman,,,,,,,,,,,,,,,,,,,,,
Urban,roman,,,,,,,,,,,,,,,,,,,,,
Urbana,roman,,,,,,,,,,,,,,,,,,,,,
Valentina,roman,,,,,,,,,,,,,,,,,,,,,
Varinia,roman,,,,,,,,,,,,,,,,,,,,,
Vita,roman,,,,,,,,,,,,,,,,,,,,,
